{
  "model": "LightGBM",
  "report": {
    "0": {
      "precision": 0.9943034697048162,
      "recall": 0.9937888198757764,
      "f1-score": 0.9940460781775822,
      "support": 1932.0
    },
    "1": {
      "precision": 0.8260869565217391,
      "recall": 0.8382352941176471,
      "f1-score": 0.8321167883211679,
      "support": 68.0
    },
    "accuracy": 0.9885,
    "macro avg": {
      "precision": 0.9101952131132777,
      "recall": 0.9160120569967117,
      "f1-score": 0.9130814332493751,
      "support": 2000.0
    },
    "weighted avg": {
      "precision": 0.9885841082565916,
      "recall": 0.9885,
      "f1-score": 0.9885404823224642,
      "support": 2000.0
    }
  }
}